country, continent, year, lifeExp, pop, gdpPercap;
Afghanistan, Asia, 1952, 28.801, 8425333, 779.445314;
Afghanistan, Asia ,1957, 30.332, 9240934, 820.853030;
Afghanistan, Asia, 1962, 31.997, 10267083, 853.100710;
Afghanistan, Asia, 1967, 34.020, 11537966, 836.197138;
Afghanistan, Asia, 1972, 36.088, 13079460, 739.981106;